"id","folder","file","role","flickr_photo_id","flickr_page","static_url","query","license_checked","redistrib_ok","license_name","decision_note"
"01","01-cafe-warm-a","about-01.jpg","general","34275321094","https://www.flickr.com/photo.gne?id=34275321094","https://live.staticflickr.com/4196/34275321094_0864da4695_b.jpg","coffee shop natural light wood","","","",""
"01","01-cafe-warm-a","hero.jpg","general","6227999014","https://www.flickr.com/photo.gne?id=6227999014","https://live.staticflickr.com/6100/6227999014_d82ed09e7f_b.jpg","coffee cup wood table morning light","","","",""
"01","01-cafe-warm-a","work-01.jpg","card-candidate","47939081677","https://www.flickr.com/photo.gne?id=47939081677","https://live.staticflickr.com/65535/47939081677_0d810f17c5_b.jpg","latte art wooden table morning","","","",""
"01","01-cafe-warm-a","work-02.jpg","card-candidate","3106835536","https://www.flickr.com/photo.gne?id=3106835536","https://live.staticflickr.com/3003/3106835536_c3e4e9ae8f_b.jpg","pastry and coffee cafe table","","","",""
"01","01-cafe-warm-a","work-03.jpg","card-candidate","3899614852","https://www.flickr.com/photo.gne?id=3899614852","https://live.staticflickr.com/2552/3899614852_49fde027b1_b.jpg","coffee shop chairs","","","",""
"02","02-cafe-split-b","about-01.jpg","general","44073173915","https://www.flickr.com/photo.gne?id=44073173915","https://live.staticflickr.com/1942/44073173915_1f20b1334f_b.jpg","florist arranging flowers","","","",""
"02","02-cafe-split-b","about-02.jpg","general","16078013698","https://www.flickr.com/photo.gne?id=16078013698","https://live.staticflickr.com/7486/16078013698_71c543192d_b.jpg","bouquet wrap paper","","","",""
"02","02-cafe-split-b","hero.jpg","general","7802574690","https://www.flickr.com/photo.gne?id=7802574690","https://live.staticflickr.com/8282/7802574690_fb4791e370_b.jpg","flower shop storefront","","","",""
"02","02-cafe-split-b","work-01.jpg","card-candidate","7851203324","https://www.flickr.com/photo.gne?id=7851203324","https://live.staticflickr.com/8297/7851203324_115251d3c9_b.jpg","seasonal flower bouquet","","","",""
"02","02-cafe-split-b","work-02.jpg","card-candidate","2225440017","https://www.flickr.com/photo.gne?id=2225440017","https://live.staticflickr.com/2081/2225440017_098a0eb2fb_b.jpg","flower shop interior","","","",""
"02","02-cafe-split-b","work-03.jpg","card-candidate","22593867309","https://www.flickr.com/photo.gne?id=22593867309","https://live.staticflickr.com/782/22593867309_8d519eb89b_b.jpg","hand holding bouquet","","","",""
"03","03-cafe-mix-ink-c","about-01.jpg","general","54549508325","https://www.flickr.com/photo.gne?id=54549508325","https://live.staticflickr.com/65535/54549508325_2414767938_b.jpg","cocktail glass ice close dark","","","",""
"03","03-cafe-mix-ink-c","hero.jpg","general","11038847483","https://www.flickr.com/photo.gne?id=11038847483","https://live.staticflickr.com/3808/11038847483_604775666f_b.jpg","dark cocktail bar counter night","","","",""
"03","03-cafe-mix-ink-c","work-01.jpg","card-candidate","4632006544","https://www.flickr.com/photo.gne?id=4632006544","https://live.staticflickr.com/4029/4632006544_582e08a14b_b.jpg","bartender hands cocktail dark","","","",""
"03","03-cafe-mix-ink-c","work-02.jpg","card-candidate","13963265712","https://www.flickr.com/photo.gne?id=13963265712","https://live.staticflickr.com/5262/13963265712_f25a5e0a7b_b.jpg","dark wood bar interior","","","",""
"03","03-cafe-mix-ink-c","work-03.jpg","card-candidate","3165716469","https://www.flickr.com/photo.gne?id=3165716469","https://live.staticflickr.com/3120/3165716469_d7c206ffc3_b.jpg","ice cubes cocktail glass","","","",""
"04","04-salon-clinic-a","about-01.jpg","general","3810712411","https://www.flickr.com/photo.gne?id=3810712411","https://live.staticflickr.com/3575/3810712411_2c148304e3_b.jpg","salon chair mirror","","","",""
"04","04-salon-clinic-a","about-02.jpg","general","267975094","https://www.flickr.com/photo.gne?id=267975094","https://live.staticflickr.com/103/267975094_b1c7cc1d31_b.jpg","hairdresser cutting hair","","","",""
"04","04-salon-clinic-a","hero.jpg","general","5454012585","https://www.flickr.com/photo.gne?id=5454012585","https://live.staticflickr.com/5138/5454012585_f626e7bf05_b.jpg","hair salon interior","","","",""
"04","04-salon-clinic-a","work-01.jpg","card-candidate","3162840677","https://www.flickr.com/photo.gne?id=3162840677","https://live.staticflickr.com/3090/3162840677_0cd7ec8353_b.jpg","hair strands soft light","","","",""
"04","04-salon-clinic-a","work-02.jpg","card-candidate","5577833869","https://www.flickr.com/photo.gne?id=5577833869","https://live.staticflickr.com/5180/5577833869_c8b49c7d2d_b.jpg","hair washing sink salon","","","",""
"04","04-salon-clinic-a","work-03.jpg","card-candidate","441199495","https://www.flickr.com/photo.gne?id=441199495","https://live.staticflickr.com/167/441199495_0b17478897_b.jpg","hair scissors comb","","","",""
"05","05-salon-sakura-b","about-01.jpg","general","8441165296","https://www.flickr.com/photo.gne?id=8441165296","https://live.staticflickr.com/8184/8441165296_8342c13239_b.jpg","bakery sweets pastel pink cream","","","",""
"05","05-salon-sakura-b","about-02.jpg","general","5394879279","https://www.flickr.com/photo.gne?id=5394879279","https://live.staticflickr.com/5020/5394879279_4961cc6bd3_b.jpg","cupcake pastel bakery","","","",""
"05","05-salon-sakura-b","hero.jpg","general","1323332997","https://www.flickr.com/photo.gne?id=1323332997","https://live.staticflickr.com/1239/1323332997_c0e72ec85e_b.jpg","cream cake afternoon cafe","","","",""
"05","05-salon-sakura-b","work-01.jpg","card-candidate","4673005754","https://www.flickr.com/photo.gne?id=4673005754","https://live.staticflickr.com/1267/4673005754_b63cc6e98f_b.jpg","slice of cake cream","","","",""
"05","05-salon-sakura-b","work-02.jpg","card-candidate","3261041740","https://www.flickr.com/photo.gne?id=3261041740","https://live.staticflickr.com/3490/3261041740_4894e3fccb_b.jpg","packaged sweets gift box","","","",""
"05","05-salon-sakura-b","work-03.jpg","card-candidate","10100920","https://www.flickr.com/photo.gne?id=10100920","https://live.staticflickr.com/8/10100920_846583f229_b.jpg","tea and pastry afternoon","","","",""
"06","06-bakery-brick-a","work-03.jpg","card-candidate","38592763146","https://www.flickr.com/photo.gne?id=38592763146","https://live.staticflickr.com/4556/38592763146_37a6b9b1ee_b.jpg","bakery display case bread","","","",""
"07","07-bakery-cafe-c","about-01.jpg","general","4889656313","https://www.flickr.com/photo.gne?id=4889656313","https://live.staticflickr.com/4138/4889656313_3728374808_b.jpg","noodle soup bowl close","","","",""
"07","07-bakery-cafe-c","about-02.jpg","general","4983313610","https://www.flickr.com/photo.gne?id=4983313610","https://live.staticflickr.com/4126/4983313610_f6e9b8694e_b.jpg","chopsticks noodles","","","",""
"07","07-bakery-cafe-c","hero.jpg","general","2270553207","https://www.flickr.com/photo.gne?id=2270553207","https://live.staticflickr.com/2155/2270553207_16f160ce6d_b.jpg","japanese ramen bowl steam","","","",""
"07","07-bakery-cafe-c","work-01.jpg","card-candidate","11017830464","https://www.flickr.com/photo.gne?id=11017830464","https://live.staticflickr.com/7337/11017830464_5727652b85_b.jpg","gyoza plate japanese","","","",""
"07","07-bakery-cafe-c","work-02.jpg","card-candidate","3009643411","https://www.flickr.com/photo.gne?id=3009643411","https://live.staticflickr.com/3136/3009643411_e32bd6e0d8_b.jpg","hot noodle broth steam","","","",""
"07","07-bakery-cafe-c","work-03.jpg","card-candidate","14278721628","https://www.flickr.com/photo.gne?id=14278721628","https://live.staticflickr.com/3882/14278721628_1cb1a5e39e_b.jpg","noren curtain shop","","","",""
"08","08-bar-ink-b","about-01.jpg","general","54209318077","https://www.flickr.com/photo.gne?id=54209318077","https://live.staticflickr.com/65535/54209318077_20369605e1_b.jpg","japanese guest room sunlight","","","",""
"08","08-bar-ink-b","hero.jpg","general","54380180837","https://www.flickr.com/photo.gne?id=54380180837","https://live.staticflickr.com/65535/54380180837_3eebec7e3e_b.jpg","japanese ryokan guest room tatami","","","",""
"08","08-bar-ink-b","work-01.jpg","card-candidate","146728527","https://www.flickr.com/photo.gne?id=146728527","https://live.staticflickr.com/52/146728527_ceadfe2352_b.jpg","ryokan interior","","","",""
"08","08-bar-ink-b","work-02.jpg","card-candidate","8269957080","https://www.flickr.com/photo.gne?id=8269957080","https://live.staticflickr.com/8075/8269957080_5e773f0d71_b.jpg","japanese room interior","","","",""
"08","08-bar-ink-b","work-03.jpg","card-candidate","3139439086","https://www.flickr.com/photo.gne?id=3139439086","https://live.staticflickr.com/3292/3139439086_fd39841d25_b.jpg","futon japanese room","","","",""
"09","09-bar-brick-a","about-01.jpg","general","49504589953","https://www.flickr.com/photo.gne?id=49504589953","https://live.staticflickr.com/65535/49504589953_f2930f2d40_b.jpg","yoga pose indoor morning","","","",""
"09","09-bar-brick-a","hero.jpg","general","3098487588","https://www.flickr.com/photo.gne?id=3098487588","https://live.staticflickr.com/3026/3098487588_538e421054_b.jpg","empty yoga room morning light","","","",""
"09","09-bar-brick-a","work-01.jpg","card-candidate","8373088886","https://www.flickr.com/photo.gne?id=8373088886","https://live.staticflickr.com/8323/8373088886_2db169ea80_b.jpg","yoga mat rolled up","","","",""
"09","09-bar-brick-a","work-02.jpg","card-candidate","16629452605","https://www.flickr.com/photo.gne?id=16629452605","https://live.staticflickr.com/8621/16629452605_dbb44f1bea_b.jpg","sunlight on wooden floor indoor","","","",""
"09","09-bar-brick-a","work-03.jpg","card-candidate","465852851","https://www.flickr.com/photo.gne?id=465852851","https://live.staticflickr.com/171/465852851_a341bac227_b.jpg","indoor plant bright room","","","",""
"10","10-clinic-green-a","about-01.jpg","general","4308324028","https://www.flickr.com/photo.gne?id=4308324028","https://live.staticflickr.com/4039/4308324028_4e386f34b1_b.jpg","japanese bar counter night","","","",""
"10","10-clinic-green-a","about-02.jpg","general","6971391338","https://www.flickr.com/photo.gne?id=6971391338","https://live.staticflickr.com/7276/6971391338_99dc02bba6_b.jpg","yakitori grill","","","",""
"10","10-clinic-green-a","about-03.jpg","general","51772829534","https://www.flickr.com/photo.gne?id=51772829534","https://live.staticflickr.com/65535/51772829534_bc73c46145_b.jpg","sake bottles izakaya","","","",""
"10","10-clinic-green-a","hero.jpg","general","11039998704","https://www.flickr.com/photo.gne?id=11039998704","https://live.staticflickr.com/2854/11039998704_d3b2538ab6_b.jpg","japanese paper lantern night","","","",""
"10","10-clinic-green-a","work-01.jpg","card-candidate","20211279158","https://www.flickr.com/photo.gne?id=20211279158","https://live.staticflickr.com/334/20211279158_813faf242b_b.jpg","japanese street food night","","","",""
"10","10-clinic-green-a","work-02.jpg","card-candidate","8510673169","https://www.flickr.com/photo.gne?id=8510673169","https://live.staticflickr.com/8251/8510673169_449766cea0_b.jpg","grilled fish japanese","","","",""
"10","10-clinic-green-a","work-03.jpg","card-candidate","4844790848","https://www.flickr.com/photo.gne?id=4844790848","https://live.staticflickr.com/4149/4844790848_7af031c1d3_b.jpg","beer glass bar night","","","",""
"12","12-florist-sakura-a","about-01.jpg","general","136335411","https://www.flickr.com/photo.gne?id=136335411","https://live.staticflickr.com/47/136335411_997f646160_b.jpg","happy dog portrait","","","",""
"12","12-florist-sakura-a","about-02.jpg","general","33643837501","https://www.flickr.com/photo.gne?id=33643837501","https://live.staticflickr.com/2901/33643837501_479131c5a6_b.jpg","cat soft indoor","","","",""
"12","12-florist-sakura-a","hero.jpg","general","48396867556","https://www.flickr.com/photo.gne?id=48396867556","https://live.staticflickr.com/65535/48396867556_898a7e43a7_b.jpg","dog walking leash park","","","",""
"12","12-florist-sakura-a","work-01.jpg","card-candidate","457382511","https://www.flickr.com/photo.gne?id=457382511","https://live.staticflickr.com/187/457382511_1adfc911f9_b.jpg","dog grooming brush","","","",""
"12","12-florist-sakura-a","work-02.jpg","card-candidate","34386345973","https://www.flickr.com/photo.gne?id=34386345973","https://live.staticflickr.com/4218/34386345973_d7346b31af_b.jpg","dog leash park green","","","",""
"12","12-florist-sakura-a","work-03.jpg","card-candidate","9165612981","https://www.flickr.com/photo.gne?id=9165612981","https://live.staticflickr.com/3786/9165612981_33d678471c_b.jpg","pet food bowl cute","","","",""
"13","13-florist-green-c","about-01.jpg","general","8706643305","https://www.flickr.com/photo.gne?id=8706643305","https://live.staticflickr.com/8544/8706643305_929cee2265_b.jpg","shared office workspace","","","",""
"13","13-florist-green-c","about-02.jpg","general","5356033046","https://www.flickr.com/photo.gne?id=5356033046","https://live.staticflickr.com/5050/5356033046_99e0bd61a2_b.jpg","meeting table coworking","","","",""
"13","13-florist-green-c","hero.jpg","general","3001713700","https://www.flickr.com/photo.gne?id=3001713700","https://live.staticflickr.com/3203/3001713700_44727d2bd4_b.jpg","office desk green plant","","","",""
"13","13-florist-green-c","work-01.jpg","card-candidate","20581143849","https://www.flickr.com/photo.gne?id=20581143849","https://live.staticflickr.com/700/20581143849_65c86a26c5_b.jpg","indoor plant office","","","",""
"13","13-florist-green-c","work-02.jpg","card-candidate","3325575027","https://www.flickr.com/photo.gne?id=3325575027","https://live.staticflickr.com/3561/3325575027_dba1c89919_b.jpg","coffee cup coworking","","","",""
"13","13-florist-green-c","work-03.jpg","card-candidate","24041157","https://www.flickr.com/photo.gne?id=24041157","https://live.staticflickr.com/18/24041157_b9828e9ac2_b.jpg","bookshelf office calm","","","",""
"14","14-ramen-brick-b","about-01.jpg","general","4625681455","https://www.flickr.com/photo.gne?id=4625681455","https://live.staticflickr.com/3382/4625681455_b5e0f0cb42_b.jpg","framed paintings white gallery","","","",""
"14","14-ramen-brick-b","about-02.jpg","general","4626448148","https://www.flickr.com/photo.gne?id=4626448148","https://live.staticflickr.com/4065/4626448148_6426c95781_b.jpg","gallery hallway white walls","","","",""
"14","14-ramen-brick-b","about-03.jpg","general","20907829088","https://www.flickr.com/photo.gne?id=20907829088","https://live.staticflickr.com/711/20907829088_670151e041_b.jpg","sculpture white gallery room","","","",""
"14","14-ramen-brick-b","hero.jpg","general","4418471981","https://www.flickr.com/photo.gne?id=4418471981","https://live.staticflickr.com/4045/4418471981_1979a839a8_b.jpg","white wall art gallery minimal","","","",""
"14","14-ramen-brick-b","work-01.jpg","card-candidate","26402459","https://www.flickr.com/photo.gne?id=26402459","https://live.staticflickr.com/22/26402459_1820380481_b.jpg","abstract painting framed wall","","","",""
"14","14-ramen-brick-b","work-02.jpg","card-candidate","3961002721","https://www.flickr.com/photo.gne?id=3961002721","https://live.staticflickr.com/2463/3961002721_2a1cfed2c1_b.jpg","photo print white gallery","","","",""
"14","14-ramen-brick-b","work-03.jpg","card-candidate","2177566484","https://www.flickr.com/photo.gne?id=2177566484","https://live.staticflickr.com/2274/2177566484_b45d3f3629_b.jpg","gallery visitor white room","","","",""
"15","15-ramen-ink-a","about-02.jpg","general","4511498998","https://www.flickr.com/photo.gne?id=4511498998","https://live.staticflickr.com/2322/4511498998_a0d12a3a0e_b.jpg","fresh bread morning bakery","","","",""
"15","15-ramen-ink-a","work-03.jpg","card-candidate","42299160042","https://www.flickr.com/photo.gne?id=42299160042","https://live.staticflickr.com/1757/42299160042_a06aa53450_b.jpg","bread in paper bag","","","",""
"16","16-yoga-green-a","about-02.jpg","general","49730045792","https://www.flickr.com/photo.gne?id=49730045792","https://live.staticflickr.com/65535/49730045792_c147aec72c_b.jpg","hairdresser cutting hair","","","",""
"16","16-yoga-green-a","about-03.jpg","general","45280907345","https://www.flickr.com/photo.gne?id=45280907345","https://live.staticflickr.com/4888/45280907345_cfa30ec11d_b.jpg","flowers on table cafe","","","",""
"16","16-yoga-green-a","hero.jpg","general","9441185159","https://www.flickr.com/photo.gne?id=9441185159","https://live.staticflickr.com/2833/9441185159_78d2539e20_b.jpg","hair salon interior","","","",""
"16","16-yoga-green-a","work-01.jpg","card-candidate","3753911799","https://www.flickr.com/photo.gne?id=3753911799","https://live.staticflickr.com/2629/3753911799_885161964c_b.jpg","mini bouquet gift","","","",""
"16","16-yoga-green-a","work-02.jpg","card-candidate","33185042158","https://www.flickr.com/photo.gne?id=33185042158","https://live.staticflickr.com/7884/33185042158_3fe87b4cd7_b.jpg","hair coloring salon","","","",""
"16","16-yoga-green-a","work-03.jpg","card-candidate","3321660864","https://www.flickr.com/photo.gne?id=3321660864","https://live.staticflickr.com/3652/3321660864_fd53cca409_b.jpg","flower and hair","","","",""
"18","18-studio-clinic-c","about-01.jpg","general","6887694416","https://www.flickr.com/photo.gne?id=6887694416","https://live.staticflickr.com/7127/6887694416_a43009c727_b.jpg","portrait studio soft light","","","",""
"18","18-studio-clinic-c","about-02.jpg","general","50167914378","https://www.flickr.com/photo.gne?id=50167914378","https://live.staticflickr.com/65535/50167914378_d2455118a1_b.jpg","camera tripod studio white","","","",""
"18","18-studio-clinic-c","about-03.jpg","general","194992777","https://www.flickr.com/photo.gne?id=194992777","https://live.staticflickr.com/67/194992777_6177d6b266_b.jpg","minimal portrait white background","","","",""
"18","18-studio-clinic-c","hero.jpg","general","9212423047","https://www.flickr.com/photo.gne?id=9212423047","https://live.staticflickr.com/7307/9212423047_946e60f56a_b.jpg","photography studio white backdrop","","","",""
"18","18-studio-clinic-c","work-01.jpg","card-candidate","3432761250","https://www.flickr.com/photo.gne?id=3432761250","https://live.staticflickr.com/3351/3432761250_c9a7a336d2_b.jpg","family portrait studio white","","","",""
"18","18-studio-clinic-c","work-02.jpg","card-candidate","5025666458","https://www.flickr.com/photo.gne?id=5025666458","https://live.staticflickr.com/4130/5025666458_52991227de_b.jpg","professional headshot studio","","","",""
"18","18-studio-clinic-c","work-03.jpg","card-candidate","41054035441","https://www.flickr.com/photo.gne?id=41054035441","https://live.staticflickr.com/822/41054035441_a48bfd1bd8_b.jpg","studio backdrop white paper","","","",""
"21","21-pet-sakura-a","work-01.jpg","card-candidate","6631458197","https://www.flickr.com/photo.gne?id=6631458197","https://live.staticflickr.com/7160/6631458197_8ec9196913_b.jpg","coffee cup window green plants","","","",""
"23","23-cowork-green-a","about-01.jpg","general","5832572765","https://www.flickr.com/photo.gne?id=5832572765","https://live.staticflickr.com/5187/5832572765_43a1e81e96_b.jpg","coworking desks side by side","","","",""
"23","23-cowork-green-a","about-02.jpg","general","5942765547","https://www.flickr.com/photo.gne?id=5942765547","https://live.staticflickr.com/6003/5942765547_45e93de3c8_b.jpg","laptop coffee coworking desk","","","",""
"23","23-cowork-green-a","hero.jpg","general","5870369246","https://www.flickr.com/photo.gne?id=5870369246","https://live.staticflickr.com/3135/5870369246_9e86211435_b.jpg","coworking shared desk people","","","",""
"23","23-cowork-green-a","work-01.jpg","card-candidate","5736110401","https://www.flickr.com/photo.gne?id=5736110401","https://live.staticflickr.com/5188/5736110401_14cef92cd9_b.jpg","small meeting table office","","","",""
"23","23-cowork-green-a","work-02.jpg","card-candidate","4532523368","https://www.flickr.com/photo.gne?id=4532523368","https://live.staticflickr.com/2761/4532523368_9c3b747c53_b.jpg","wooden desk laptop notebook","","","",""
"23","23-cowork-green-a","work-03.jpg","card-candidate","8071110424","https://www.flickr.com/photo.gne?id=8071110424","https://live.staticflickr.com/8316/8071110424_4e258f5fb6_b.jpg","office coffee machine","","","",""
"26","26-izakaya-brick-c","about-01.jpg","general","17923071771","https://www.flickr.com/photo.gne?id=17923071771","https://live.staticflickr.com/8811/17923071771_e2d8695545_b.jpg","monochrome still life photography","","","",""
"26","26-izakaya-brick-c","about-02.jpg","general","12255568833","https://www.flickr.com/photo.gne?id=12255568833","https://live.staticflickr.com/5511/12255568833_23a18bea63_b.jpg","black white film photography darkroom","","","",""
"26","26-izakaya-brick-c","hero.jpg","general","4257103665","https://www.flickr.com/photo.gne?id=4257103665","https://live.staticflickr.com/2726/4257103665_991318ee75_b.jpg","black and white monochrome portrait studio","","","",""
"26","26-izakaya-brick-c","work-01.jpg","card-candidate","189815067","https://www.flickr.com/photo.gne?id=189815067","https://live.staticflickr.com/73/189815067_cadf032beb_b.jpg","monochrome portrait face light shadow","","","",""
"26","26-izakaya-brick-c","work-02.jpg","card-candidate","9135577060","https://www.flickr.com/photo.gne?id=9135577060","https://live.staticflickr.com/2854/9135577060_30bd04c569_b.jpg","black white architecture shadow","","","",""
"26","26-izakaya-brick-c","work-03.jpg","card-candidate","4375076207","https://www.flickr.com/photo.gne?id=4375076207","https://live.staticflickr.com/4055/4375076207_98bf642546_b.jpg","monochrome still life objects","","","",""
"28","28-gallery-ink-a","about-01.jpg","general","3952068185","https://www.flickr.com/photo.gne?id=3952068185","https://live.staticflickr.com/2673/3952068185_8d57f3eb5e_b.jpg","fern leaves close up","","","",""
"28","28-gallery-ink-a","hero.jpg","general","5082160064","https://www.flickr.com/photo.gne?id=5082160064","https://live.staticflickr.com/4062/5082160064_39f9079724_b.jpg","green leaves sunlight forest","","","",""
"28","28-gallery-ink-a","work-01.jpg","card-candidate","34221897834","https://www.flickr.com/photo.gne?id=34221897834","https://live.staticflickr.com/4219/34221897834_b26dcc0314_b.jpg","bamboo leaves green","","","",""
"28","28-gallery-ink-a","work-02.jpg","card-candidate","5971164901","https://www.flickr.com/photo.gne?id=5971164901","https://live.staticflickr.com/6129/5971164901_90655b0653_b.jpg","moss green nature calm","","","",""
"28","28-gallery-ink-a","work-03.jpg","card-candidate","14675080438","https://www.flickr.com/photo.gne?id=14675080438","https://live.staticflickr.com/5561/14675080438_911b1c71d9_b.jpg","tree leaves breeze","","","",""
"29","29-gallery-clinic-c","about-01.jpg","general","6115119166","https://www.flickr.com/photo.gne?id=6115119166","https://live.staticflickr.com/6085/6115119166_73ba665941_b.jpg","flower stems on table","","","",""
"29","29-gallery-clinic-c","about-02.jpg","general","10128054364","https://www.flickr.com/photo.gne?id=10128054364","https://live.staticflickr.com/5450/10128054364_30950b81f9_b.jpg","brown paper flowers","","","",""
"29","29-gallery-clinic-c","work-01.jpg","card-candidate","5403483256","https://www.flickr.com/photo.gne?id=5403483256","https://live.staticflickr.com/5052/5403483256_b8a606109d_b.jpg","local flower shop counter","","","",""
"29","29-gallery-clinic-c","work-02.jpg","card-candidate","4492964273","https://www.flickr.com/photo.gne?id=4492964273","https://live.staticflickr.com/4050/4492964273_c38903a029_b.jpg","mixed wildflower bouquet","","","",""
"29","29-gallery-clinic-c","work-03.jpg","card-candidate","6925178639","https://www.flickr.com/photo.gne?id=6925178639","https://live.staticflickr.com/7200/6925178639_8d39130629_b.jpg","flower arranging tools","","","",""
"30","30-hotel-cafe-b","about-01.jpg","general","5254837731","https://www.flickr.com/photo.gne?id=5254837731","https://live.staticflickr.com/5242/5254837731_ac313c5665_b.jpg","framed art on dark wall gallery","","","",""
"30","30-hotel-cafe-b","about-02.jpg","general","5970152443","https://www.flickr.com/photo.gne?id=5970152443","https://live.staticflickr.com/6028/5970152443_b7b3d69639_b.jpg","small art gallery evening light","","","",""
"30","30-hotel-cafe-b","hero.jpg","general","11715359854","https://www.flickr.com/photo.gne?id=11715359854","https://live.staticflickr.com/3773/11715359854_633501b9f4_b.jpg","museum gallery painting wall","","","",""
"30","30-hotel-cafe-b","work-01.jpg","card-candidate","2404544591","https://www.flickr.com/photo.gne?id=2404544591","https://live.staticflickr.com/2355/2404544591_3e7202531e_b.jpg","ornate picture frame close","","","",""
"30","30-hotel-cafe-b","work-02.jpg","card-candidate","2810009604","https://www.flickr.com/photo.gne?id=2810009604","https://live.staticflickr.com/3003/2810009604_0f519e4868_b.jpg","gallery wall hanging lights","","","",""
"30","30-hotel-cafe-b","work-03.jpg","card-candidate","35913378835","https://www.flickr.com/photo.gne?id=35913378835","https://live.staticflickr.com/4290/35913378835_54587b7cef_b.jpg","small exhibition room frames","","","",""
