"folder","block","index","key","path"
"01-cafe-warm-a","about-photos","0","about_image_1","sushi-samples/01-cafe-warm-a/images/about-01.jpg?v=dense3"
"01-cafe-warm-a","works-list","2","work_3_image","sushi-samples/01-cafe-warm-a/images/work-03.jpg?v=dense3"
"02-cafe-split-b","about-photos","0","about_image_1","sushi-samples/02-cafe-split-b/images/about-01.jpg?v=dense4"
"02-cafe-split-b","about-photos","3","about_image_4","sushi-samples/02-cafe-split-b/images/about-04.jpg?v=dense4"
"02-cafe-split-b","works-list","2","work_3_image","sushi-samples/02-cafe-split-b/images/work-03.jpg?v=dense4"
"03-cafe-mix-ink-c","about-photos","0","about_image_1","sushi-samples/03-cafe-mix-ink-c/images/about-01.jpg?v=dense4"
"03-cafe-mix-ink-c","about-photos","1","about_image_2","sushi-samples/03-cafe-mix-ink-c/images/about-02.jpg?v=dense4"
"03-cafe-mix-ink-c","about-photos","2","about_image_3","sushi-samples/03-cafe-mix-ink-c/images/about-03.jpg?v=dense4"
"03-cafe-mix-ink-c","works-list","2","work_3_image","sushi-samples/03-cafe-mix-ink-c/images/work-03.jpg?v=dense4"
"04-salon-clinic-a","about-photos","2","about_image_3","sushi-samples/04-salon-clinic-a/images/about-03.jpg?v=dense3"
"04-salon-clinic-a","works-list","0","work_1_image","sushi-samples/04-salon-clinic-a/images/work-01.jpg?v=dense3"
"04-salon-clinic-a","works-list","1","work_2_image","sushi-samples/04-salon-clinic-a/images/work-02.jpg?v=dense3"
"04-salon-clinic-a","works-list","2","work_3_image","sushi-samples/04-salon-clinic-a/images/work-03.jpg?v=dense3"
"05-salon-sakura-b","about-photos","0","about_image_1","sushi-samples/05-salon-sakura-b/images/about-01.jpg?v=dense4"
"05-salon-sakura-b","works-list","2","work_3_image","sushi-samples/05-salon-sakura-b/images/work-03.jpg?v=dense4"
"06-bakery-brick-a","about-photos","0","about_image_1","sushi-samples/06-bakery-brick-a/images/about-01.jpg?v=dense4"
"06-bakery-brick-a","about-photos","1","about_image_2","sushi-samples/06-bakery-brick-a/images/about-02.jpg?v=dense4"
"06-bakery-brick-a","works-list","0","work_1_image","sushi-samples/06-bakery-brick-a/images/work-01.jpg?v=dense4"
"07-bakery-cafe-c","about-photos","0","about_image_1","sushi-samples/07-bakery-cafe-c/images/about-01.jpg?v=dense4"
"07-bakery-cafe-c","works-list","0","work_1_image","sushi-samples/07-bakery-cafe-c/images/work-01.jpg?v=dense4"
"08-bar-ink-b","about-photos","2","about_image_3","sushi-samples/08-bar-ink-b/images/about-03.jpg?v=dense3"
"08-bar-ink-b","works-list","0","work_1_image","sushi-samples/08-bar-ink-b/images/work-01.jpg?v=dense3"
"09-bar-brick-a","works-list","0","work_1_image","sushi-samples/09-bar-brick-a/images/work-01.jpg?v=dense3"
"09-bar-brick-a","works-list","1","work_2_image","sushi-samples/09-bar-brick-a/images/work-02.jpg?v=dense3"
"09-bar-brick-a","works-list","2","work_3_image","sushi-samples/09-bar-brick-a/images/work-03.jpg?v=dense3"
"10-clinic-green-a","about-photos","2","about_image_3","sushi-samples/10-clinic-green-a/images/about-03.jpg?v=dense4"
"10-clinic-green-a","works-list","0","work_1_image","sushi-samples/10-clinic-green-a/images/work-01.jpg?v=dense4"
"11-clinic-clinic-b","about-photos","0","about_image_1","sushi-samples/11-clinic-clinic-b/images/about-01.jpg?v=dense4"
"11-clinic-clinic-b","works-list","2","work_3_image","sushi-samples/11-clinic-clinic-b/images/work-03.jpg?v=dense4"
"12-florist-sakura-a","about-photos","0","about_image_1","sushi-samples/12-florist-sakura-a/images/about-01.jpg?v=dense3"
"12-florist-sakura-a","about-photos","1","about_image_2","sushi-samples/12-florist-sakura-a/images/about-02.jpg?v=dense3"
"12-florist-sakura-a","about-photos","2","about_image_3","sushi-samples/12-florist-sakura-a/images/about-03.jpg?v=dense3"
"12-florist-sakura-a","works-list","2","work_3_image","sushi-samples/12-florist-sakura-a/images/work-03.jpg?v=dense3"
"13-florist-green-c","about-photos","2","about_image_3","sushi-samples/13-florist-green-c/images/about-03.jpg?v=dense4"
"13-florist-green-c","about-photos","3","about_image_4","sushi-samples/13-florist-green-c/images/about-04.jpg?v=dense4"
"13-florist-green-c","works-list","0","work_1_image","sushi-samples/13-florist-green-c/images/work-01.jpg?v=dense4"
"14-ramen-brick-b","about-photos","0","about_image_1","sushi-samples/14-ramen-brick-b/images/about-01.jpg?v=dense3"
"14-ramen-brick-b","about-photos","3","about_image_4","sushi-samples/14-ramen-brick-b/images/about-04.jpg?v=dense3"
"14-ramen-brick-b","works-list","2","work_3_image","sushi-samples/14-ramen-brick-b/images/work-03.jpg?v=dense3"
"15-ramen-ink-a","about-photos","0","about_image_1","sushi-samples/15-ramen-ink-a/images/about-01.jpg?v=dense4"
"15-ramen-ink-a","works-list","0","work_1_image","sushi-samples/15-ramen-ink-a/images/work-01.jpg?v=dense4"
"15-ramen-ink-a","works-list","1","work_2_image","sushi-samples/15-ramen-ink-a/images/work-02.jpg?v=dense4"
"15-ramen-ink-a","works-list","2","work_3_image","sushi-samples/15-ramen-ink-a/images/work-03.jpg?v=dense4"
"16-yoga-green-a","about-photos","2","about_image_3","sushi-samples/16-yoga-green-a/images/about-03.jpg?v=dense4"
"16-yoga-green-a","works-list","0","work_1_image","sushi-samples/16-yoga-green-a/images/work-01.jpg?v=dense4"
"17-yoga-sakura-b","about-photos","0","about_image_1","sushi-samples/17-yoga-sakura-b/images/about-01.jpg?v=dense3"
"17-yoga-sakura-b","works-list","0","work_1_image","sushi-samples/17-yoga-sakura-b/images/work-01.jpg?v=dense3"
"18-studio-clinic-c","about-photos","0","about_image_1","sushi-samples/18-studio-clinic-c/images/about-01.jpg?v=dense4"
"18-studio-clinic-c","about-photos","3","about_image_4","sushi-samples/18-studio-clinic-c/images/about-04.jpg?v=dense4"
"18-studio-clinic-c","works-list","0","work_1_image","sushi-samples/18-studio-clinic-c/images/work-01.jpg?v=dense4"
"19-studio-ink-a","about-photos","0","about_image_1","sushi-samples/19-studio-ink-a/images/about-01.jpg?v=dense4"
"19-studio-ink-a","works-list","2","work_3_image","sushi-samples/19-studio-ink-a/images/work-03.jpg?v=dense4"
"20-pet-cafe-b","works-list","2","work_3_image","sushi-samples/20-pet-cafe-b/images/work-03.jpg?v=dense4"
"21-pet-sakura-a","about-photos","0","about_image_1","sushi-samples/21-pet-sakura-a/images/about-01.jpg?v=dense3"
"21-pet-sakura-a","about-photos","1","about_image_2","sushi-samples/21-pet-sakura-a/images/about-02.jpg?v=dense3"
"21-pet-sakura-a","about-photos","2","about_image_3","sushi-samples/21-pet-sakura-a/images/about-03.jpg?v=dense3"
"21-pet-sakura-a","works-list","0","work_1_image","sushi-samples/21-pet-sakura-a/images/work-01.jpg?v=dense3"
"21-pet-sakura-a","works-list","1","work_2_image","sushi-samples/21-pet-sakura-a/images/work-02.jpg?v=dense3"
"21-pet-sakura-a","works-list","2","work_3_image","sushi-samples/21-pet-sakura-a/images/work-03.jpg?v=dense3"
"22-cowork-clinic-b","about-photos","0","about_image_1","sushi-samples/22-cowork-clinic-b/images/about-01.jpg?v=dense4"
"22-cowork-clinic-b","about-photos","3","about_image_4","sushi-samples/22-cowork-clinic-b/images/about-04.jpg?v=dense4"
"22-cowork-clinic-b","works-list","0","work_1_image","sushi-samples/22-cowork-clinic-b/images/work-01.jpg?v=dense4"
"23-cowork-green-a","about-photos","2","about_image_3","sushi-samples/23-cowork-green-a/images/about-03.jpg?v=dense4"
"23-cowork-green-a","works-list","0","work_1_image","sushi-samples/23-cowork-green-a/images/work-01.jpg?v=dense4"
"24-sweets-sakura-c","about-photos","0","about_image_1","sushi-samples/24-sweets-sakura-c/images/about-01.jpg?v=dense4"
"24-sweets-sakura-c","works-list","2","work_3_image","sushi-samples/24-sweets-sakura-c/images/work-03.jpg?v=dense4"
"25-sweets-cafe-a","about-photos","0","about_image_1","sushi-samples/25-sweets-cafe-a/images/about-01.jpg?v=dense3"
"25-sweets-cafe-a","works-list","0","work_1_image","sushi-samples/25-sweets-cafe-a/images/work-01.jpg?v=dense3"
"26-izakaya-brick-c","about-photos","2","about_image_3","sushi-samples/26-izakaya-brick-c/images/about-03.jpg?v=dense3"
"26-izakaya-brick-c","works-list","2","work_3_image","sushi-samples/26-izakaya-brick-c/images/work-03.jpg?v=dense3"
"27-izakaya-ink-b","works-list","0","work_1_image","sushi-samples/27-izakaya-ink-b/images/work-01.jpg?v=dense4"
"28-gallery-ink-a","about-photos","0","about_image_1","sushi-samples/28-gallery-ink-a/images/about-01.jpg?v=dense3"
"28-gallery-ink-a","about-photos","1","about_image_2","sushi-samples/28-gallery-ink-a/images/about-02.jpg?v=dense3"
"28-gallery-ink-a","about-photos","2","about_image_3","sushi-samples/28-gallery-ink-a/images/about-03.jpg?v=dense3"
"28-gallery-ink-a","works-list","0","work_1_image","sushi-samples/28-gallery-ink-a/images/work-01.jpg?v=dense3"
"29-gallery-clinic-c","about-photos","0","about_image_1","sushi-samples/29-gallery-clinic-c/images/about-01.jpg?v=dense3"
"29-gallery-clinic-c","works-list","0","work_1_image","sushi-samples/29-gallery-clinic-c/images/work-01.jpg?v=dense3"
"29-gallery-clinic-c","works-list","1","work_2_image","sushi-samples/29-gallery-clinic-c/images/work-02.jpg?v=dense3"
"29-gallery-clinic-c","works-list","2","work_3_image","sushi-samples/29-gallery-clinic-c/images/work-03.jpg?v=dense3"
"30-hotel-cafe-b","about-photos","0","about_image_1","sushi-samples/30-hotel-cafe-b/images/about-01.jpg?v=dense3"
"30-hotel-cafe-b","about-photos","1","about_image_2","sushi-samples/30-hotel-cafe-b/images/about-02.jpg?v=dense3"
"30-hotel-cafe-b","about-photos","2","about_image_3","sushi-samples/30-hotel-cafe-b/images/about-03.jpg?v=dense3"
"30-hotel-cafe-b","works-list","0","work_1_image","sushi-samples/30-hotel-cafe-b/images/work-01.jpg?v=dense3"
"30-hotel-cafe-b","works-list","1","work_2_image","sushi-samples/30-hotel-cafe-b/images/work-02.jpg?v=dense3"
"30-hotel-cafe-b","works-list","2","work_3_image","sushi-samples/30-hotel-cafe-b/images/work-03.jpg?v=dense3"
