"sample","file","len","md5"
"01-cafe-warm-a","about-01.jpg","141721","8652491E4248207725BB8C51C5BEBE0F"
"01-cafe-warm-a","about-02.jpg","216831","F826E0E7713B840EA7A3D73AF6490560"
"01-cafe-warm-a","about-03.jpg","75584","0FF74B78FA06722BD81304981B76167D"
"01-cafe-warm-a","hero.jpg","219844","EC63B97E69B9BDBE860D775CE8A61CBE"
"01-cafe-warm-a","work-01.jpg","104778","E2BBB3C178BB23DB61F9C09DA8E14A03"
"01-cafe-warm-a","work-02.jpg","183331","37D40F81CC55A25CF3B47384F37C2D6C"
"01-cafe-warm-a","work-03.jpg","61016","25E3E4603B792CE20E83A0CF7948237A"
"02-cafe-split-b","about-01.jpg","270048","D08604717BB760479916394E711ADD36"
"02-cafe-split-b","about-02.jpg","177405","253875EB0E81A90CAC8B23D0009A5089"
"02-cafe-split-b","about-03.jpg","561125","CC4B3ED0C625853810EE0E054E4742A3"
"02-cafe-split-b","about-04.jpg","82853","6B8658BDBD5B61801D4E2B64C9B31049"
"02-cafe-split-b","hero.jpg","1046082","19C9C36A90775DFDA52A1FBBD13F8353"
"02-cafe-split-b","work-01.jpg","561125","CC4B3ED0C625853810EE0E054E4742A3"
"02-cafe-split-b","work-02.jpg","84923","D8C9CF38893A0FA8583018327917E310"
"02-cafe-split-b","work-03.jpg","383065","743DDC3BA364C9A482A6240FC818DEC0"
"03-cafe-mix-ink-c","about-01.jpg","208064","D9A4083F1FCD8F4F23E8B229CB03DF82"
"03-cafe-mix-ink-c","about-02.jpg","132672","8A16EDE3DEF08B67B2557777F4A8C0E2"
"03-cafe-mix-ink-c","about-03.jpg","336122","02AF2684A20AAF274E9532FAAB55D812"
"03-cafe-mix-ink-c","hero.jpg","97152","09CFFBA6348CBAFC1954D56EF2993AF5"
"03-cafe-mix-ink-c","work-01.jpg","342784","DEF60C0FCA9E6C2A3908C1C783850A36"
"03-cafe-mix-ink-c","work-02.jpg","173107","BF0F1A338223CE17CDED04D279221A2D"
"03-cafe-mix-ink-c","work-03.jpg","176227","F1494759E875B0521F5C435642C41BAD"
"04-salon-clinic-a","about-01.jpg","171294","863020BA98FF2251E1CB7AF8A3D0B9A7"
"04-salon-clinic-a","about-02.jpg","218049","44FA0287E384CF8B0CD64D3813E6C45C"
"04-salon-clinic-a","about-03.jpg","179962","4E4EA6BD522B8EE34505974CF38BD083"
"04-salon-clinic-a","hero.jpg","338608","97292944679FF5A2BD87136E01B687DF"
"04-salon-clinic-a","work-01.jpg","95896","E9221537AD35CA2998EEDDA6B62A8B69"
"04-salon-clinic-a","work-02.jpg","177419","5A034E200D743E4CE3EA47C9C07635E9"
"04-salon-clinic-a","work-03.jpg","287228","EA3FF0467D20A573890466F15F80F3EE"
"05-salon-sakura-b","about-01.jpg","113667","0BFE2D15F977FD25A6A5C6CE8E87292B"
"05-salon-sakura-b","about-02.jpg","195210","00D1E9268A1665ABE6B47B5CD296F2A2"
"05-salon-sakura-b","about-03.jpg","361646","C6E59B4E2905AF4C07B5F8F12B2C06AA"
"05-salon-sakura-b","hero.jpg","254382","864DBFC852588F97D1C034F1745AFCDF"
"05-salon-sakura-b","work-01.jpg","207394","718C29C40B333BAB88FBF088FCEC4A96"
"05-salon-sakura-b","work-02.jpg","152437","57363647AC29D344C0A729EB716429F8"
"05-salon-sakura-b","work-03.jpg","131673","1013901DE0111EE531BAA5D38455ECAC"
"06-bakery-brick-a","about-01.jpg","163581","682B93CA130495302496C9E7DB7AE7D4"
"06-bakery-brick-a","about-02.jpg","119381","7B6A2F58A3E78CA1AF62B49ABE845922"
"06-bakery-brick-a","about-03.jpg","292958","35E55D04EE5A3E9A1BA1CAB284445FC1"
"06-bakery-brick-a","about-04.jpg","107051","A5E58E874608BA75895F2394590125E0"
"06-bakery-brick-a","hero.jpg","149968","BBDFC378578C459DBC1FBF564B61F062"
"06-bakery-brick-a","work-01.jpg","218355","ACE51748BBF6BB63E0CE73F652C74FE1"
"06-bakery-brick-a","work-02.jpg","100899","93A54A22748957B279204EB498F0B17B"
"06-bakery-brick-a","work-03.jpg","90534","E741415BED7B699FDEFB56FFA71694BE"
"07-bakery-cafe-c","about-01.jpg","292001","C21A71F858C34DB570332519FEF363CE"
"07-bakery-cafe-c","about-02.jpg","252353","035FA6563E739712872067BC182894D6"
"07-bakery-cafe-c","about-03.jpg","86261","82B6A8A7B68CB653AB064BDEAF0B0283"
"07-bakery-cafe-c","hero.jpg","136712","22CD3E5376FD50EE1016BA93C4B3E869"
"07-bakery-cafe-c","work-01.jpg","94687","EACCA9FCEE7C550216A62603DC2F4C84"
"07-bakery-cafe-c","work-02.jpg","145170","D0337AC360A3514B61039E50A78BC442"
"07-bakery-cafe-c","work-03.jpg","281503","2BA8CA2733F9A6D70E8EF772B2D127D2"
"08-bar-ink-b","about-01.jpg","239444","4BEAE4D98EF9A3C72D5478CDD2868ADC"
"08-bar-ink-b","about-02.jpg","140176","52C10F593543C661C318F464AF962260"
"08-bar-ink-b","about-03.jpg","94420","93207029A78CD268130BC343477993C9"
"08-bar-ink-b","hero.jpg","168199","7847AD4C1518A931AB85CF9E4F7F2A0B"
"08-bar-ink-b","work-01.jpg","199395","6879CE0E30064E3F9B5F6A9B2EB39E21"
"08-bar-ink-b","work-02.jpg","321923","8BD8ECB2A924FAC7E2591B39920058E6"
"08-bar-ink-b","work-03.jpg","121737","4F031AC96B54750227C4A1E212162E1E"
"09-bar-brick-a","about-01.jpg","247181","B94C8C1AFB44C616494F4C7056989F2D"
"09-bar-brick-a","about-02.jpg","108554","6C7BDFED00D94385527A42D9131E3301"
"09-bar-brick-a","about-03.jpg","94319","DBBCE5AF403CCDEFF7EAA97C7A225155"
"09-bar-brick-a","about-04.jpg","525283","A5E3173FED32545D8DDA0A6C7A044D95"
"09-bar-brick-a","hero.jpg","27328","5EBA6F2BE7CC90F8385A4145F0473DB9"
"09-bar-brick-a","work-01.jpg","203563","FC1C250C57DF5EF0162D7C1D799EC6B9"
"09-bar-brick-a","work-02.jpg","79465","AA11D16FF28F5BEBECC1E5AA6F241A8D"
"09-bar-brick-a","work-03.jpg","348537","5382A67B11CB89B4339F6D1ED221433B"
"10-clinic-green-a","about-01.jpg","427370","0B11B4D91756DD4C74D5EA697B2CF635"
"10-clinic-green-a","about-02.jpg","295062","9484E30F3673E5C4E62E947CB61C6397"
"10-clinic-green-a","about-03.jpg","94983","88A0E0DDDD17BF88C82FD9A3FBCA86CE"
"10-clinic-green-a","hero.jpg","93673","B5B76D2C211CC044C11D424AEF506FBF"
"10-clinic-green-a","work-01.jpg","125139","A18E82AE9BA829361B22CC14D31FB0F8"
"10-clinic-green-a","work-02.jpg","278547","B39B4DB3DB60185D02647C39D6D2D1A4"
"10-clinic-green-a","work-03.jpg","175874","EADBBE14E7AD8B3932C3657E04390D67"
"11-clinic-clinic-b","about-01.jpg","66456","F7031FC181DFDEEA181C17EDFE3A44D2"
"11-clinic-clinic-b","about-02.jpg","265850","682DDA6B059C233D5C5532A6B3FB7669"
"11-clinic-clinic-b","about-03.jpg","251520","B44AF744A04D33694D545078CA1B633F"
"11-clinic-clinic-b","hero.jpg","86514","11D9447B610033C34D74BF83AD6BFDBE"
"11-clinic-clinic-b","work-01.jpg","207537","F39B23D8390080CD770F9FC7C9832933"
"11-clinic-clinic-b","work-02.jpg","266059","823488A2CA607FA94692E78CC9C2BEC3"
"11-clinic-clinic-b","work-03.jpg","269072","1BAD06F0BEABBBA0EA29BCD43E444D3A"
"12-florist-sakura-a","about-01.jpg","429196","08CE6854A15DEB604B2A8FA2C8FFB15F"
"12-florist-sakura-a","about-02.jpg","111060","8E077D7DBF005D4CE065111AEB3C8088"
"12-florist-sakura-a","about-03.jpg","265679","8C1FE8501708A3D82D2A2C2CCE094BDC"
"12-florist-sakura-a","hero.jpg","199846","165701A4010F7F3CC0B89531E8E50F73"
"12-florist-sakura-a","work-01.jpg","271358","074B0BF69A334D3E984529CE3691B76A"
"12-florist-sakura-a","work-02.jpg","84217","932C91691FC358AB74E470A9B5E27A25"
"12-florist-sakura-a","work-03.jpg","297343","73DEA739EB483263C2396056B4FA10DA"
"13-florist-green-c","about-01.jpg","303106","7B781CC09164586C41AA64DD33AE808B"
"13-florist-green-c","about-02.jpg","182973","47029DDCC0E8E8FFD6427AAF417761C3"
"13-florist-green-c","about-03.jpg","165178","9406B5C979A1A0B1BE6BE346DC5E3094"
"13-florist-green-c","about-04.jpg","26653","0BE0B12446A8F70E05926794B787B3A1"
"13-florist-green-c","hero.jpg","142264","3E8E8A38D86FCC963FB4DA616B0E1416"
"13-florist-green-c","work-01.jpg","205347","DB4B238831A27EF5DD9093CE2A247677"
"13-florist-green-c","work-02.jpg","198228","8A1209B402E918814927FED41CCD6385"
"13-florist-green-c","work-03.jpg","219081","A9901262A060F0D2394C0DB09FF436CB"
"14-ramen-brick-b","about-01.jpg","227395","E6291BE7A13D1089590531E7B4BEBA22"
"14-ramen-brick-b","about-02.jpg","86649","8C4A39D792B993A06646599A77F8C0D4"
"14-ramen-brick-b","about-03.jpg","129144","DD36F406335DB0C0CF88554A0AC06F97"
"14-ramen-brick-b","about-04.jpg","78856","B69657D4F6911447DA4FBA38E2BE812F"
"14-ramen-brick-b","hero.jpg","156297","A07CDE280129C743021176CAC445BCA6"
"14-ramen-brick-b","work-01.jpg","90594","BD5B0112233E0502EB7F56BBA469C194"
"14-ramen-brick-b","work-02.jpg","297465","28FFD68B426918A1B26AAB74F5124244"
"14-ramen-brick-b","work-03.jpg","360904","25BAFC20DD95284F54BEE335C672F86B"
"15-ramen-ink-a","about-01.jpg","112591","32017DB0BC0274423165DAE563C74DF4"
"15-ramen-ink-a","about-02.jpg","177296","A5DFD33F86474FBE75C9BE1292D9E8B4"
"15-ramen-ink-a","about-03.jpg","146579","7B1154AD6E39C6404E9BAFF2770FA9F1"
"15-ramen-ink-a","hero.jpg","104777","D13129DD0461E919449B69259CDC3F25"
"15-ramen-ink-a","work-01.jpg","64123","FBE220CDA7955AE65CEAD9C899B14D45"
"15-ramen-ink-a","work-02.jpg","262040","5DA40C06E0FE706A2911EBBC10710B96"
"15-ramen-ink-a","work-03.jpg","184591","FA0BB1FBC214B7A44BCCB5BB3D6498E6"
"16-yoga-green-a","about-01.jpg","72101","CE3247E97AD93B37D4FEF0FCF8CDA699"
"16-yoga-green-a","about-02.jpg","136770","45AF818B96D1845206A432535ABE5824"
"16-yoga-green-a","about-03.jpg","100289","042B3B248A7B44B3E0A5F0F30F7760C2"
"16-yoga-green-a","hero.jpg","43960","DF5D45B26DC70658DB2F91FFF728160E"
"16-yoga-green-a","work-01.jpg","169960","9B4389F1BEBB394783126B8EAB4DDDDA"
"16-yoga-green-a","work-02.jpg","313900","28BBD51A979B3CD7730606E349DEB316"
"16-yoga-green-a","work-03.jpg","211135","8235A04C5D294EA431E336289E5370BF"
"17-yoga-sakura-b","about-01.jpg","259599","278E94A99C45F190BB82EA37EC9569C3"
"17-yoga-sakura-b","about-02.jpg","154839","B06974D9467A8A1C9209D1CB730E5100"
"17-yoga-sakura-b","about-03.jpg","148376","9F3BE680684B64FAE017CC23DFBFB09C"
"17-yoga-sakura-b","hero.jpg","175904","18FFC2BCE1A024BB41E7FF884CD65C87"
"17-yoga-sakura-b","work-01.jpg","94617","67328BA0183B2C0A6E761CEDB8777F11"
"17-yoga-sakura-b","work-02.jpg","235576","C83A2711BE17D03B9883F27029E8968C"
"17-yoga-sakura-b","work-03.jpg","318399","7DA7E7B0134F2E3B936499D5408453D2"
"18-studio-clinic-c","about-01.jpg","144157","16BEFB735E93C13D2B62307FC168B221"
"18-studio-clinic-c","about-02.jpg","331156","45E00354AC85365227760D433C10AD40"
"18-studio-clinic-c","about-03.jpg","147101","939526899BCA7098C8789B317444CA7A"
"18-studio-clinic-c","about-04.jpg","240202","612745A60F6FACBF5D3F3FD4DBC32076"
"18-studio-clinic-c","hero.jpg","290621","F00CD9091A9A0CC6F9B00476AA2A6ED1"
"18-studio-clinic-c","work-01.jpg","212163","730B70A722393C7A029C751583D73464"
"18-studio-clinic-c","work-02.jpg","83340","EE3CE59CCF598376B36855D755D63EC1"
"18-studio-clinic-c","work-03.jpg","240161","7445CCAC7084B2DA68E1882DECBD346F"
"19-studio-ink-a","about-01.jpg","145463","8F2DA35B8A5B5019C74A409FE2A31732"
"19-studio-ink-a","about-02.jpg","78992","89FFD697F33016495128B4A40EF9517D"
"19-studio-ink-a","about-03.jpg","189983","E99772F4565BC784D7019D346123DB65"
"19-studio-ink-a","hero.jpg","165251","1454B22938F50CEB13C6A6CD63AA5FC1"
"19-studio-ink-a","work-01.jpg","75836","0C0E3E587D126E8567EE37D5B61AED51"
"19-studio-ink-a","work-02.jpg","170708","78805CC8C13247D8ABBEBCB38252D682"
"19-studio-ink-a","work-03.jpg","103911","F6836EEE778D4EB16CA7E6F97FF4DE14"
"20-pet-cafe-b","about-01.jpg","92677","3CD50E9961D4C97E69E9AB08BAB78DB4"
"20-pet-cafe-b","about-02.jpg","166333","1F7CA6F81149508C690679BAB080C926"
"20-pet-cafe-b","about-03.jpg","107977","80761776EAAF94FA9C874CC5944C551C"
"20-pet-cafe-b","about-04.jpg","78808","10C2CE71B92FD7D60E9AE0F3D90EC694"
"20-pet-cafe-b","hero.jpg","226900","CD3F829C1220DEDB4AB300D52F47C0EF"
"20-pet-cafe-b","work-01.jpg","325830","28078CD29FA109EC5016C2AB46219214"
"20-pet-cafe-b","work-02.jpg","181225","920DF00B34C80A7FFD8971736097DE88"
"20-pet-cafe-b","work-03.jpg","234558","4291A25F2CDB53B08AE3294D052C8B17"
"21-pet-sakura-a","about-01.jpg","202070","C7EAE1574B2C6A1C5BC4AAC673EEA8AD"
"21-pet-sakura-a","about-02.jpg","216612","FBB53503F125C1334B352FCEAD9E6FDC"
"21-pet-sakura-a","about-03.jpg","134127","3876442DDE37DE011C2B55BD5E2FDC2D"
"21-pet-sakura-a","hero.jpg","247936","07841660333BCB1268C74DF90AC34C31"
"21-pet-sakura-a","work-01.jpg","58614","AAAAD3B4803F0E82F14F8898E80AD43F"
"21-pet-sakura-a","work-02.jpg","40390","DCDDD1223890CF3CF7FB5476575CB83F"
"21-pet-sakura-a","work-03.jpg","303888","44F8809ADA1D33027617B6F56F2AE19C"
"22-cowork-clinic-b","about-01.jpg","126744","38058253DE7ED80048FB9F1CA42C45BE"
"22-cowork-clinic-b","about-02.jpg","330540","15A7CAA6F8B6FCF2E80785AB8C353644"
"22-cowork-clinic-b","about-03.jpg","226509","4B740A5D50D630E3AB43EFF2D4BB355C"
"22-cowork-clinic-b","about-04.jpg","117307","088B6EC23B87A15606F4D5CBA12F31AE"
"22-cowork-clinic-b","hero.jpg","30978","163B3112AC92DABBBEEA0ED5D3E5EE10"
"22-cowork-clinic-b","work-01.jpg","411499","BAFC70685B21AFCE05487625477A31BE"
"22-cowork-clinic-b","work-02.jpg","241266","01FA1A501D3CA449453C5239547DC634"
"22-cowork-clinic-b","work-03.jpg","343634","43DAA1B47363875A07AE960407B3FC12"
"23-cowork-green-a","about-01.jpg","40199","AD4B1B9905093F2EB9E6148E61FC636B"
"23-cowork-green-a","about-02.jpg","33756","8674B838B613F1DBF4B3FA131C70085F"
"23-cowork-green-a","about-03.jpg","149291","D52D74A12897F58C95B017A784D6C469"
"23-cowork-green-a","hero.jpg","91520","004DD56D1B6085E9000875823AE43307"
"23-cowork-green-a","work-01.jpg","236871","5CF3BE555A2DA9D0C9C91AD13BF51732"
"23-cowork-green-a","work-02.jpg","390949","9F694089B10DA54E467F85488B2840DB"
"23-cowork-green-a","work-03.jpg","335419","237E6CED4A37B3F8D772F600A4B76DB4"
"24-sweets-sakura-c","about-01.jpg","306443","E7BB8337DCE2D1A32BA816379196AE2B"
"24-sweets-sakura-c","about-02.jpg","110378","7283571C2883C0F5F997E3E41C23BEB7"
"24-sweets-sakura-c","about-03.jpg","256680","8DE0D7A772CBC70825B3E0DE4F976361"
"24-sweets-sakura-c","hero.jpg","167967","60B01F56B2BB87A29996FEE15C222FE3"
"24-sweets-sakura-c","work-01.jpg","214114","998851D7B343A1247A967665F19D237B"
"24-sweets-sakura-c","work-02.jpg","103719","83C841F77DCC80B7FA51C9BCAB355DAC"
"24-sweets-sakura-c","work-03.jpg","199154","C48D4FA632EB232B4F2FE80CBE9C5C9A"
"25-sweets-cafe-a","about-01.jpg","237246","A80838180949FBFCFCEB6A22718BE925"
"25-sweets-cafe-a","about-02.jpg","209275","65700C9FF76F900A69682E97CE323EF2"
"25-sweets-cafe-a","about-03.jpg","239051","21EDB2C955A51933053D2E1D13956A62"
"25-sweets-cafe-a","hero.jpg","190683","9C7FF8932A029291EE28454A71D9A4F0"
"25-sweets-cafe-a","work-01.jpg","161200","4F8BEE6E61652FA9CC449584FB2CFD2D"
"25-sweets-cafe-a","work-02.jpg","157869","3B782D55F3B7FFA703590486482D6B44"
"25-sweets-cafe-a","work-03.jpg","260253","13E1252AD956AEFB48D7A8AF05663447"
"26-izakaya-brick-c","about-01.jpg","403400","0B47CB9D12A85B38CEBA97AE2A616329"
"26-izakaya-brick-c","about-02.jpg","33202","CAC9B0052A24691556A9E523399ACC1A"
"26-izakaya-brick-c","about-03.jpg","57811","33CB2BC101380E64D15A10B11B283F7A"
"26-izakaya-brick-c","hero.jpg","144929","C58DEF26813B23D26C021BDDFDD80177"
"26-izakaya-brick-c","work-01.jpg","177047","D26D4F5FD7B1B04B9AF3DB9DB2BF9121"
"26-izakaya-brick-c","work-02.jpg","97809","0B80EB0D363E5A9B5E5BB248C102B677"
"26-izakaya-brick-c","work-03.jpg","103002","47C570E241899993A27EB7BF52F7FD65"
"27-izakaya-ink-b","about-01.jpg","39070","9A0F2C55F985394ADCC5FA5E38CAC9BF"
"27-izakaya-ink-b","about-02.jpg","235970","CF2A430829DACDBF4ADD7647B7DE7720"
"27-izakaya-ink-b","about-03.jpg","199266","84CCC58CC22E2566366C85DCB29D6D92"
"27-izakaya-ink-b","about-04.jpg","88694","080BAEC027569D19D935EB170D6808B8"
"27-izakaya-ink-b","hero.jpg","339179","89F4798D784A5E645719D5A827832839"
"27-izakaya-ink-b","work-01.jpg","129573","9BABA04272BE4842DB1D99B127F20F22"
"27-izakaya-ink-b","work-02.jpg","183996","32E54A96C9D476C943BA6070C8B0A724"
"27-izakaya-ink-b","work-03.jpg","125264","EFFFC4E6701ED907453B97A9B31F1FC8"
"28-gallery-ink-a","about-01.jpg","85078","45CACCC7A355B1A4505A07D38A07CD4D"
"28-gallery-ink-a","about-02.jpg","223071","D3A7F3B1F21E40479F0990FF918DD1A0"
"28-gallery-ink-a","about-03.jpg","177719","6B0263CA0A4C33F74601F46D861355FE"
"28-gallery-ink-a","hero.jpg","151086","A9E23132589C3427DA6EF44FA4CEA15D"
"28-gallery-ink-a","work-01.jpg","217521","321DD8FB937D560EE3B40C82E22B65D4"
"28-gallery-ink-a","work-02.jpg","90803","3C8EDBFF9A39B6E092C3F4B4277783CA"
"28-gallery-ink-a","work-03.jpg","150325","ECDEB6E3C676CF35C7912E9C6DC38288"
"29-gallery-clinic-c","about-01.jpg","137615","00DD0B486B5B24E07D2598939DDEAD26"
"29-gallery-clinic-c","about-02.jpg","149035","CDA163D0F68FB55C3DF868D96E0A290F"
"29-gallery-clinic-c","about-03.jpg","116216","5E005ABA12068D40486922238E53DB2B"
"29-gallery-clinic-c","hero.jpg","103022","A7BB3E19524BC2E18559DD54AB1B88D4"
"29-gallery-clinic-c","work-01.jpg","151187","3CDA7DBD129635A1413734BE49FC2263"
"29-gallery-clinic-c","work-02.jpg","242078","550062C4158F7AEB9A4E729B6A6DF5E0"
"29-gallery-clinic-c","work-03.jpg","134818","F16766B4D74D7DEA495486A71FE30E36"
"30-hotel-cafe-b","about-01.jpg","62367","D8EF6AEBC47C6FDD481CB664700DF55A"
"30-hotel-cafe-b","about-02.jpg","187205","73E6E295DE33A172D636E9A5D2BB10A9"
"30-hotel-cafe-b","about-03.jpg","217901","6C17B931EE60477F344A90624475936B"
"30-hotel-cafe-b","hero.jpg","193182","95D099429D4EAE7194E2F236BF3C0959"
"30-hotel-cafe-b","work-01.jpg","195709","0D1670365BD5A2AEE977180051B74D6B"
"30-hotel-cafe-b","work-02.jpg","129911","C08A777318BFCA8CBF0B6195DC27C9A4"
"30-hotel-cafe-b","work-03.jpg","220076","F1ED042E4B524B7773E4B9B5AB236EFE"
